date,city,crop,unit,min_price_pkr,avg_price_pkr,max_price_pkr,temperature_c,rainfall_mm,humidity_percent,n_price_reports,price_spread_pkr,data_type,source_file,latitude,longitude,weather_source
2024-01-01,Faisalabad,Tomato,1 Kg,109.18,115.8,122.15,6.7,0.3,20.0,1,12.97,synthetic_2024,mandi_price_weather_dataset.csv,31.42,73.08,synthetic_generated
2024-01-02,Faisalabad,Tomato,1 Kg,111.38,118.7,125.95,5.6,0.9,25.0,1,14.57,synthetic_2024,mandi_price_weather_dataset.csv,31.42,73.08,synthetic_generated
2024-01-03,Faisalabad,Tomato,1 Kg,126.2,131.0,138.5,4.8,0.2,26.6,1,12.3,synthetic_2024,mandi_price_weather_dataset.csv,31.42,73.08,synthetic_generated
2024-01-04,Faisalabad,Tomato,1 Kg,122.02,130.65,136.8,6.0,1.2,20.0,1,14.78,synthetic_2024,mandi_price_weather_dataset.csv,31.42,73.08,synthetic_generated
2024-01-05,Faisalabad,Tomato,1 Kg,115.02,124.08,132.43,5.2,1.5,20.0,1,17.41,synthetic_2024,mandi_price_weather_dataset.csv,31.42,73.08,synthetic_generated
2024-01-06,Faisalabad,Tomato,1 Kg,101.52,109.78,116.32,6.1,1.4,20.0,1,14.8,synthetic_2024,mandi_price_weather_dataset.csv,31.42,73.08,synthetic_generated
2024-01-07,Faisalabad,Tomato,1 Kg,98.52,102.25,110.15,3.5,0.3,20.0,1,11.63,synthetic_2024,mandi_price_weather_dataset.csv,31.42,73.08,synthetic_generated
2024-01-08,Faisalabad,Tomato,1 Kg,102.12,108.1,114.5,3.6,0.1,21.6,1,12.38,synthetic_2024,mandi_price_weather_dataset.csv,31.42,73.08,synthetic_generated
2024-01-09,Faisalabad,Tomato,1 Kg,137.38,144.62,156.1,6.5,0.3,21.3,1,18.72,synthetic_2024,mandi_price_weather_dataset.csv,31.42,73.08,synthetic_generated
2024-01-10,Faisalabad,Tomato,1 Kg,120.5,127.48,132.72,2.0,1.2,29.9,1,12.22,synthetic_2024,mandi_price_weather_dataset.csv,31.42,73.08,synthetic_generated
2024-01-11,Faisalabad,Tomato,1 Kg,109.0,115.48,124.58,5.6,0.6,20.0,1,15.58,synthetic_2024,mandi_price_weather_dataset.csv,31.42,73.08,synthetic_generated
2024-01-12,Faisalabad,Tomato,1 Kg,131.15,136.6,141.35,6.4,1.7,20.0,1,10.2,synthetic_2024,mandi_price_weather_dataset.csv,31.42,73.08,synthetic_generated
2024-01-13,Faisalabad,Tomato,1 Kg,87.38,91.3,95.02,6.0,4.1,20.0,1,7.64,synthetic_2024,mandi_price_weather_dataset.csv,31.42,73.08,synthetic_generated
2024-01-14,Faisalabad,Tomato,1 Kg,153.35,161.75,172.92,7.1,3.7,20.0,1,19.57,synthetic_2024,mandi_price_weather_dataset.csv,31.42,73.08,synthetic_generated
2024-01-15,Faisalabad,Tomato,1 Kg,146.9,152.52,164.5,5.9,1.6,20.0,1,17.6,synthetic_2024,mandi_price_weather_dataset.csv,31.42,73.08,synthetic_generated
2024-01-16,Faisalabad,Tomato,1 Kg,67.65,71.0,74.1,7.3,0.4,22.1,1,6.45,synthetic_2024,mandi_price_weather_dataset.csv,31.42,73.08,synthetic_generated
2024-01-17,Faisalabad,Tomato,1 Kg,125.4,131.65,141.12,7.4,0.9,20.0,1,15.72,synthetic_2024,mandi_price_weather_dataset.csv,31.42,73.08,synthetic_generated
2024-01-18,Faisalabad,Tomato,1 Kg,93.72,100.35,104.8,6.5,0.9,20.0,1,11.08,synthetic_2024,mandi_price_weather_dataset.csv,31.42,73.08,synthetic_generated
2024-01-19,Faisalabad,Tomato,1 Kg,94.15,102.12,107.22,4.2,0.2,20.0,1,13.07,synthetic_2024,mandi_price_weather_dataset.csv,31.42,73.08,synthetic_generated
2024-01-20,Faisalabad,Tomato,1 Kg,143.32,150.5,160.93,4.8,0.9,20.0,1,17.61,synthetic_2024,mandi_price_weather_dataset.csv,31.42,73.08,synthetic_generated
2024-01-21,Faisalabad,Tomato,1 Kg,99.82,108.45,115.95,6.9,0.1,24.5,1,16.13,synthetic_2024,mandi_price_weather_dataset.csv,31.42,73.08,synthetic_generated
2024-01-22,Faisalabad,Tomato,1 Kg,115.3,122.15,130.8,4.2,1.1,20.0,1,15.5,synthetic_2024,mandi_price_weather_dataset.csv,31.42,73.08,synthetic_generated
2024-01-23,Faisalabad,Tomato,1 Kg,105.5,112.92,117.0,8.2,0.3,20.0,1,11.5,synthetic_2024,mandi_price_weather_dataset.csv,31.42,73.08,synthetic_generated
2024-01-24,Faisalabad,Tomato,1 Kg,114.98,122.82,129.05,8.8,1.2,20.9,1,14.07,synthetic_2024,mandi_price_weather_dataset.csv,31.42,73.08,synthetic_generated
2024-01-25,Faisalabad,Tomato,1 Kg,121.35,125.6,129.78,6.8,0.7,30.0,1,8.43,synthetic_2024,mandi_price_weather_dataset.csv,31.42,73.08,synthetic_generated
2024-01-26,Faisalabad,Tomato,1 Kg,125.8,132.93,139.25,6.9,0.1,20.0,1,13.45,synthetic_2024,mandi_price_weather_dataset.csv,31.42,73.08,synthetic_generated
2024-01-27,Faisalabad,Tomato,1 Kg,135.48,146.82,156.12,6.0,0.1,22.6,1,20.64,synthetic_2024,mandi_price_weather_dataset.csv,31.42,73.08,synthetic_generated
2024-01-28,Faisalabad,Tomato,1 Kg,112.8,117.08,122.42,7.0,0.1,23.6,1,9.62,synthetic_2024,mandi_price_weather_dataset.csv,31.42,73.08,synthetic_generated
2024-01-29,Faisalabad,Tomato,1 Kg,151.3,161.75,169.9,9.6,1.0,20.0,1,18.6,synthetic_2024,mandi_price_weather_dataset.csv,31.42,73.08,synthetic_generated
2024-01-30,Faisalabad,Tomato,1 Kg,144.07,151.4,159.12,8.1,0.5,24.7,1,15.05,synthetic_2024,mandi_price_weather_dataset.csv,31.42,73.08,synthetic_generated
2024-01-31,Faisalabad,Tomato,1 Kg,111.88,116.78,121.72,7.6,0.7,28.7,1,9.84,synthetic_2024,mandi_price_weather_dataset.csv,31.42,73.08,synthetic_generated
2024-02-01,Faisalabad,Tomato,1 Kg,114.7,120.5,124.65,6.9,0.6,32.2,1,9.95,synthetic_2024,mandi_price_weather_dataset.csv,31.42,73.08,synthetic_generated
2024-02-02,Faisalabad,Tomato,1 Kg,160.38,173.92,187.45,7.8,0.1,26.4,1,27.07,synthetic_2024,mandi_price_weather_dataset.csv,31.42,73.08,synthetic_generated
2024-02-03,Faisalabad,Tomato,1 Kg,103.08,108.95,113.35,6.4,1.2,22.4,1,10.27,synthetic_2024,mandi_price_weather_dataset.csv,31.42,73.08,synthetic_generated
2024-02-04,Faisalabad,Tomato,1 Kg,116.9,122.12,126.95,6.7,0.4,29.7,1,10.05,synthetic_2024,mandi_price_weather_dataset.csv,31.42,73.08,synthetic_generated
2024-02-05,Faisalabad,Tomato,1 Kg,86.1,93.1,99.15,11.5,0.3,23.1,1,13.05,synthetic_2024,mandi_price_weather_dataset.csv,31.42,73.08,synthetic_generated
2024-02-06,Faisalabad,Tomato,1 Kg,101.9,109.25,112.92,8.8,0.5,27.6,1,11.02,synthetic_2024,mandi_price_weather_dataset.csv,31.42,73.08,synthetic_generated
2024-02-07,Faisalabad,Tomato,1 Kg,113.9,120.8,127.95,5.2,1.5,20.0,1,14.05,synthetic_2024,mandi_price_weather_dataset.csv,31.42,73.08,synthetic_generated
2024-02-08,Faisalabad,Tomato,1 Kg,108.48,113.0,118.25,10.2,2.7,21.5,1,9.77,synthetic_2024,mandi_price_weather_dataset.csv,31.42,73.08,synthetic_generated
2024-02-09,Faisalabad,Tomato,1 Kg,98.4,101.65,105.8,8.4,0.2,22.2,1,7.4,synthetic_2024,mandi_price_weather_dataset.csv,31.42,73.08,synthetic_generated
2024-02-10,Faisalabad,Tomato,1 Kg,122.3,129.5,138.68,6.5,0.2,27.0,1,16.38,synthetic_2024,mandi_price_weather_dataset.csv,31.42,73.08,synthetic_generated
2024-02-11,Faisalabad,Tomato,1 Kg,117.82,123.32,129.32,11.0,0.8,21.4,1,11.5,synthetic_2024,mandi_price_weather_dataset.csv,31.42,73.08,synthetic_generated
2024-02-12,Faisalabad,Tomato,1 Kg,122.95,132.78,141.95,9.8,0.2,31.2,1,19.0,synthetic_2024,mandi_price_weather_dataset.csv,31.42,73.08,synthetic_generated
2024-02-13,Faisalabad,Tomato,1 Kg,119.38,127.75,136.8,8.7,0.3,24.4,1,17.42,synthetic_2024,mandi_price_weather_dataset.csv,31.42,73.08,synthetic_generated
2024-02-14,Faisalabad,Tomato,1 Kg,103.08,109.32,115.75,10.8,0.2,20.0,1,12.67,synthetic_2024,mandi_price_weather_dataset.csv,31.42,73.08,synthetic_generated
2024-02-15,Faisalabad,Tomato,1 Kg,116.12,122.78,130.7,8.7,1.0,27.0,1,14.58,synthetic_2024,mandi_price_weather_dataset.csv,31.42,73.08,synthetic_generated
2024-02-16,Faisalabad,Tomato,1 Kg,130.9,142.22,150.98,10.1,1.2,37.9,1,20.08,synthetic_2024,mandi_price_weather_dataset.csv,31.42,73.08,synthetic_generated
2024-02-17,Faisalabad,Tomato,1 Kg,97.62,102.42,106.75,9.0,0.6,20.0,1,9.13,synthetic_2024,mandi_price_weather_dataset.csv,31.42,73.08,synthetic_generated
2024-02-18,Faisalabad,Tomato,1 Kg,90.6,95.38,98.38,7.4,0.1,26.8,1,7.78,synthetic_2024,mandi_price_weather_dataset.csv,31.42,73.08,synthetic_generated
2024-02-19,Faisalabad,Tomato,1 Kg,88.68,95.2,99.85,12.5,0.9,34.5,1,11.17,synthetic_2024,mandi_price_weather_dataset.csv,31.42,73.08,synthetic_generated
2024-02-20,Faisalabad,Tomato,1 Kg,145.98,151.55,157.78,8.9,0.8,30.4,1,11.8,synthetic_2024,mandi_price_weather_dataset.csv,31.42,73.08,synthetic_generated
2024-02-21,Faisalabad,Tomato,1 Kg,85.75,91.25,97.78,11.4,0.2,33.0,1,12.03,synthetic_2024,mandi_price_weather_dataset.csv,31.42,73.08,synthetic_generated
2024-02-22,Faisalabad,Tomato,1 Kg,112.78,119.3,127.2,9.9,0.2,32.3,1,14.42,synthetic_2024,mandi_price_weather_dataset.csv,31.42,73.08,synthetic_generated
2024-02-23,Faisalabad,Tomato,1 Kg,128.43,139.12,145.55,12.7,0.5,28.6,1,17.12,synthetic_2024,mandi_price_weather_dataset.csv,31.42,73.08,synthetic_generated
2024-02-24,Faisalabad,Tomato,1 Kg,143.38,148.38,160.22,12.6,0.5,36.0,1,16.84,synthetic_2024,mandi_price_weather_dataset.csv,31.42,73.08,synthetic_generated
2024-02-25,Faisalabad,Tomato,1 Kg,116.68,124.38,130.3,10.0,1.2,38.9,1,13.62,synthetic_2024,mandi_price_weather_dataset.csv,31.42,73.08,synthetic_generated
2024-02-26,Faisalabad,Tomato,1 Kg,109.62,116.62,121.0,12.9,1.6,30.8,1,11.38,synthetic_2024,mandi_price_weather_dataset.csv,31.42,73.08,synthetic_generated
2024-02-27,Faisalabad,Tomato,1 Kg,107.65,111.4,115.42,9.3,0.3,33.9,1,7.77,synthetic_2024,mandi_price_weather_dataset.csv,31.42,73.08,synthetic_generated
2024-02-28,Faisalabad,Tomato,1 Kg,81.47,86.62,89.58,10.5,0.9,33.1,1,8.11,synthetic_2024,mandi_price_weather_dataset.csv,31.42,73.08,synthetic_generated
2024-02-29,Faisalabad,Tomato,1 Kg,58.4,63.25,67.18,18.2,0.6,40.7,1,8.78,synthetic_2024,mandi_price_weather_dataset.csv,31.42,73.08,synthetic_generated
2024-03-01,Faisalabad,Tomato,1 Kg,80.22,84.42,87.02,11.9,1.1,30.1,1,6.8,synthetic_2024,mandi_price_weather_dataset.csv,31.42,73.08,synthetic_generated
2024-03-02,Faisalabad,Tomato,1 Kg,143.18,149.62,160.48,13.7,0.5,38.0,1,17.3,synthetic_2024,mandi_price_weather_dataset.csv,31.42,73.08,synthetic_generated
2024-03-03,Faisalabad,Tomato,1 Kg,100.28,107.6,113.32,10.3,1.2,31.1,1,13.04,synthetic_2024,mandi_price_weather_dataset.csv,31.42,73.08,synthetic_generated
2024-03-04,Faisalabad,Tomato,1 Kg,139.0,148.32,158.75,10.9,2.3,36.1,1,19.75,synthetic_2024,mandi_price_weather_dataset.csv,31.42,73.08,synthetic_generated
2024-03-05,Faisalabad,Tomato,1 Kg,116.8,126.25,135.88,15.3,1.2,35.7,1,19.08,synthetic_2024,mandi_price_weather_dataset.csv,31.42,73.08,synthetic_generated
2024-03-06,Faisalabad,Tomato,1 Kg,117.92,127.55,135.82,11.2,0.5,37.8,1,17.9,synthetic_2024,mandi_price_weather_dataset.csv,31.42,73.08,synthetic_generated
2024-03-07,Faisalabad,Tomato,1 Kg,132.5,139.07,143.98,14.3,0.8,35.4,1,11.48,synthetic_2024,mandi_price_weather_dataset.csv,31.42,73.08,synthetic_generated
2024-03-08,Faisalabad,Tomato,1 Kg,120.78,128.05,136.0,14.0,0.5,42.2,1,15.22,synthetic_2024,mandi_price_weather_dataset.csv,31.42,73.08,synthetic_generated
2024-03-09,Faisalabad,Tomato,1 Kg,129.22,135.85,143.43,16.4,2.4,28.8,1,14.21,synthetic_2024,mandi_price_weather_dataset.csv,31.42,73.08,synthetic_generated
2024-03-10,Faisalabad,Tomato,1 Kg,119.4,125.78,132.48,14.9,1.6,34.2,1,13.08,synthetic_2024,mandi_price_weather_dataset.csv,31.42,73.08,synthetic_generated
2024-03-11,Faisalabad,Tomato,1 Kg,89.4,94.78,99.02,13.5,0.2,35.4,1,9.62,synthetic_2024,mandi_price_weather_dataset.csv,31.42,73.08,synthetic_generated
2024-03-12,Faisalabad,Tomato,1 Kg,130.95,140.95,147.62,13.9,0.1,47.3,1,16.67,synthetic_2024,mandi_price_weather_dataset.csv,31.42,73.08,synthetic_generated
2024-03-13,Faisalabad,Tomato,1 Kg,135.45,140.62,150.6,13.9,0.2,35.2,1,15.15,synthetic_2024,mandi_price_weather_dataset.csv,31.42,73.08,synthetic_generated
2024-03-14,Faisalabad,Tomato,1 Kg,108.82,118.0,122.35,15.7,0.7,40.7,1,13.53,synthetic_2024,mandi_price_weather_dataset.csv,31.42,73.08,synthetic_generated
2024-03-15,Faisalabad,Tomato,1 Kg,100.25,105.68,112.1,12.5,0.9,36.8,1,11.85,synthetic_2024,mandi_price_weather_dataset.csv,31.42,73.08,synthetic_generated
2024-03-16,Faisalabad,Tomato,1 Kg,94.45,99.92,107.12,18.9,0.2,28.2,1,12.67,synthetic_2024,mandi_price_weather_dataset.csv,31.42,73.08,synthetic_generated
2024-03-17,Faisalabad,Tomato,1 Kg,125.02,130.9,134.95,15.0,0.1,40.4,1,9.93,synthetic_2024,mandi_price_weather_dataset.csv,31.42,73.08,synthetic_generated
2024-03-18,Faisalabad,Tomato,1 Kg,131.02,135.82,143.43,19.3,0.8,34.3,1,12.41,synthetic_2024,mandi_price_weather_dataset.csv,31.42,73.08,synthetic_generated
2024-03-19,Faisalabad,Tomato,1 Kg,131.93,143.1,149.05,15.4,2.9,33.9,1,17.12,synthetic_2024,mandi_price_weather_dataset.csv,31.42,73.08,synthetic_generated
2024-03-20,Faisalabad,Tomato,1 Kg,120.4,124.88,131.52,14.1,0.7,39.0,1,11.12,synthetic_2024,mandi_price_weather_dataset.csv,31.42,73.08,synthetic_generated
2024-03-21,Faisalabad,Tomato,1 Kg,89.8,95.6,100.15,17.5,1.2,43.9,1,10.35,synthetic_2024,mandi_price_weather_dataset.csv,31.42,73.08,synthetic_generated
2024-03-22,Faisalabad,Tomato,1 Kg,124.6,129.22,134.0,15.5,0.1,36.7,1,9.4,synthetic_2024,mandi_price_weather_dataset.csv,31.42,73.08,synthetic_generated
2024-03-23,Faisalabad,Tomato,1 Kg,99.42,107.42,114.28,19.2,2.0,35.9,1,14.86,synthetic_2024,mandi_price_weather_dataset.csv,31.42,73.08,synthetic_generated
2024-03-24,Faisalabad,Tomato,1 Kg,95.25,100.4,105.4,18.8,0.4,44.3,1,10.15,synthetic_2024,mandi_price_weather_dataset.csv,31.42,73.08,synthetic_generated
2024-03-25,Faisalabad,Tomato,1 Kg,108.75,113.62,117.8,14.4,3.8,41.0,1,9.05,synthetic_2024,mandi_price_weather_dataset.csv,31.42,73.08,synthetic_generated
2024-03-26,Faisalabad,Tomato,1 Kg,134.15,142.1,147.88,15.3,1.1,48.8,1,13.73,synthetic_2024,mandi_price_weather_dataset.csv,31.42,73.08,synthetic_generated
2024-03-27,Faisalabad,Tomato,1 Kg,84.78,90.28,96.15,19.1,1.2,53.6,1,11.37,synthetic_2024,mandi_price_weather_dataset.csv,31.42,73.08,synthetic_generated
2024-03-28,Faisalabad,Tomato,1 Kg,89.7,96.52,100.62,19.0,0.1,39.2,1,10.92,synthetic_2024,mandi_price_weather_dataset.csv,31.42,73.08,synthetic_generated
2024-03-29,Faisalabad,Tomato,1 Kg,136.93,148.1,158.6,18.4,0.3,53.6,1,21.67,synthetic_2024,mandi_price_weather_dataset.csv,31.42,73.08,synthetic_generated
2024-03-30,Faisalabad,Tomato,1 Kg,110.98,115.08,119.62,17.3,0.8,45.0,1,8.64,synthetic_2024,mandi_price_weather_dataset.csv,31.42,73.08,synthetic_generated
2024-03-31,Faisalabad,Tomato,1 Kg,118.68,126.0,134.28,20.6,2.1,50.9,1,15.6,synthetic_2024,mandi_price_weather_dataset.csv,31.42,73.08,synthetic_generated
2024-04-01,Faisalabad,Tomato,1 Kg,135.72,140.28,148.0,20.3,0.9,51.9,1,12.28,synthetic_2024,mandi_price_weather_dataset.csv,31.42,73.08,synthetic_generated
2024-04-02,Faisalabad,Tomato,1 Kg,119.65,124.48,128.38,22.2,1.2,49.3,1,8.73,synthetic_2024,mandi_price_weather_dataset.csv,31.42,73.08,synthetic_generated
2024-04-03,Faisalabad,Tomato,1 Kg,135.88,140.57,146.4,20.2,0.9,49.3,1,10.52,synthetic_2024,mandi_price_weather_dataset.csv,31.42,73.08,synthetic_generated
2024-04-04,Faisalabad,Tomato,1 Kg,122.9,129.25,133.25,22.8,1.3,50.3,1,10.35,synthetic_2024,mandi_price_weather_dataset.csv,31.42,73.08,synthetic_generated
2024-04-05,Faisalabad,Tomato,1 Kg,102.78,105.98,113.25,24.2,0.9,48.4,1,10.47,synthetic_2024,mandi_price_weather_dataset.csv,31.42,73.08,synthetic_generated
2024-04-06,Faisalabad,Tomato,1 Kg,133.2,140.75,147.3,21.6,0.9,39.1,1,14.1,synthetic_2024,mandi_price_weather_dataset.csv,31.42,73.08,synthetic_generated
2024-04-07,Faisalabad,Tomato,1 Kg,111.78,117.9,124.55,21.5,0.6,53.3,1,12.77,synthetic_2024,mandi_price_weather_dataset.csv,31.42,73.08,synthetic_generated
2024-04-08,Faisalabad,Tomato,1 Kg,81.38,85.62,90.7,19.3,0.3,48.9,1,9.32,synthetic_2024,mandi_price_weather_dataset.csv,31.42,73.08,synthetic_generated
2024-04-09,Faisalabad,Tomato,1 Kg,135.78,144.18,149.98,22.5,0.1,44.5,1,14.2,synthetic_2024,mandi_price_weather_dataset.csv,31.42,73.08,synthetic_generated
2024-04-10,Faisalabad,Tomato,1 Kg,140.4,151.57,161.25,22.6,0.4,41.9,1,20.85,synthetic_2024,mandi_price_weather_dataset.csv,31.42,73.08,synthetic_generated
2024-04-11,Faisalabad,Tomato,1 Kg,116.72,124.72,132.48,22.6,0.4,51.0,1,15.76,synthetic_2024,mandi_price_weather_dataset.csv,31.42,73.08,synthetic_generated
2024-04-12,Faisalabad,Tomato,1 Kg,93.35,96.65,101.75,25.8,0.5,58.0,1,8.4,synthetic_2024,mandi_price_weather_dataset.csv,31.42,73.08,synthetic_generated
2024-04-13,Faisalabad,Tomato,1 Kg,79.53,84.7,89.12,24.6,2.0,56.8,1,9.59,synthetic_2024,mandi_price_weather_dataset.csv,31.42,73.08,synthetic_generated
2024-04-14,Faisalabad,Tomato,1 Kg,79.1,85.0,88.62,26.0,0.6,54.4,1,9.52,synthetic_2024,mandi_price_weather_dataset.csv,31.42,73.08,synthetic_generated
2024-04-15,Faisalabad,Tomato,1 Kg,118.15,127.48,135.9,23.2,1.2,53.3,1,17.75,synthetic_2024,mandi_price_weather_dataset.csv,31.42,73.08,synthetic_generated
2024-04-16,Faisalabad,Tomato,1 Kg,112.7,117.85,123.15,21.6,0.0,43.6,1,10.45,synthetic_2024,mandi_price_weather_dataset.csv,31.42,73.08,synthetic_generated
2024-04-17,Faisalabad,Tomato,1 Kg,130.85,135.98,143.82,26.1,1.3,57.4,1,12.97,synthetic_2024,mandi_price_weather_dataset.csv,31.42,73.08,synthetic_generated
2024-04-18,Faisalabad,Tomato,1 Kg,90.6,96.68,103.92,23.5,0.7,48.0,1,13.32,synthetic_2024,mandi_price_weather_dataset.csv,31.42,73.08,synthetic_generated
2024-04-19,Faisalabad,Tomato,1 Kg,120.2,129.18,134.0,26.4,0.4,67.4,1,13.8,synthetic_2024,mandi_price_weather_dataset.csv,31.42,73.08,synthetic_generated
2024-04-20,Faisalabad,Tomato,1 Kg,84.12,89.35,95.0,26.3,0.3,52.8,1,10.88,synthetic_2024,mandi_price_weather_dataset.csv,31.42,73.08,synthetic_generated
2024-04-21,Faisalabad,Tomato,1 Kg,133.0,142.38,149.57,28.4,0.5,53.3,1,16.57,synthetic_2024,mandi_price_weather_dataset.csv,31.42,73.08,synthetic_generated
2024-04-22,Faisalabad,Tomato,1 Kg,82.3,87.62,91.02,21.1,0.1,47.1,1,8.72,synthetic_2024,mandi_price_weather_dataset.csv,31.42,73.08,synthetic_generated
2024-04-23,Faisalabad,Tomato,1 Kg,116.12,121.58,130.93,23.9,0.1,65.9,1,14.81,synthetic_2024,mandi_price_weather_dataset.csv,31.42,73.08,synthetic_generated
2024-04-24,Faisalabad,Tomato,1 Kg,118.92,126.5,135.32,25.6,0.8,57.0,1,16.4,synthetic_2024,mandi_price_weather_dataset.csv,31.42,73.08,synthetic_generated
2024-04-25,Faisalabad,Tomato,1 Kg,84.72,91.35,95.55,24.6,1.0,55.6,1,10.83,synthetic_2024,mandi_price_weather_dataset.csv,31.42,73.08,synthetic_generated
2024-04-26,Faisalabad,Tomato,1 Kg,116.9,123.5,127.42,26.6,0.2,60.2,1,10.52,synthetic_2024,mandi_price_weather_dataset.csv,31.42,73.08,synthetic_generated
2024-04-27,Faisalabad,Tomato,1 Kg,109.7,117.3,122.4,26.6,0.1,52.1,1,12.7,synthetic_2024,mandi_price_weather_dataset.csv,31.42,73.08,synthetic_generated
2024-04-28,Faisalabad,Tomato,1 Kg,113.28,118.22,127.2,25.1,0.8,57.1,1,13.92,synthetic_2024,mandi_price_weather_dataset.csv,31.42,73.08,synthetic_generated
2024-04-29,Faisalabad,Tomato,1 Kg,113.35,117.65,125.88,29.8,0.3,49.8,1,12.53,synthetic_2024,mandi_price_weather_dataset.csv,31.42,73.08,synthetic_generated
2024-04-30,Faisalabad,Tomato,1 Kg,99.45,102.85,108.02,29.9,1.5,61.5,1,8.57,synthetic_2024,mandi_price_weather_dataset.csv,31.42,73.08,synthetic_generated
2024-05-01,Faisalabad,Tomato,1 Kg,88.02,92.25,97.55,29.6,0.9,56.7,1,9.53,synthetic_2024,mandi_price_weather_dataset.csv,31.42,73.08,synthetic_generated
2024-05-02,Faisalabad,Tomato,1 Kg,110.68,117.5,122.12,27.1,0.8,55.9,1,11.44,synthetic_2024,mandi_price_weather_dataset.csv,31.42,73.08,synthetic_generated
2024-05-03,Faisalabad,Tomato,1 Kg,98.7,105.42,111.55,29.2,0.4,57.2,1,12.85,synthetic_2024,mandi_price_weather_dataset.csv,31.42,73.08,synthetic_generated
2024-05-04,Faisalabad,Tomato,1 Kg,118.2,125.15,132.22,28.9,0.3,65.9,1,14.02,synthetic_2024,mandi_price_weather_dataset.csv,31.42,73.08,synthetic_generated
2024-05-05,Faisalabad,Tomato,1 Kg,110.7,117.02,120.6,30.9,1.5,62.3,1,9.9,synthetic_2024,mandi_price_weather_dataset.csv,31.42,73.08,synthetic_generated
2024-05-06,Faisalabad,Tomato,1 Kg,86.08,93.48,100.0,27.2,0.7,57.0,1,13.92,synthetic_2024,mandi_price_weather_dataset.csv,31.42,73.08,synthetic_generated
2024-05-07,Faisalabad,Tomato,1 Kg,132.2,142.0,149.18,32.7,0.1,56.1,1,16.98,synthetic_2024,mandi_price_weather_dataset.csv,31.42,73.08,synthetic_generated
2024-05-08,Faisalabad,Tomato,1 Kg,127.5,133.15,139.6,29.3,0.1,62.2,1,12.1,synthetic_2024,mandi_price_weather_dataset.csv,31.42,73.08,synthetic_generated
2024-05-09,Faisalabad,Tomato,1 Kg,117.5,127.68,132.57,29.5,1.7,62.1,1,15.07,synthetic_2024,mandi_price_weather_dataset.csv,31.42,73.08,synthetic_generated
2024-05-10,Faisalabad,Tomato,1 Kg,118.52,122.25,126.48,33.3,1.2,63.2,1,7.96,synthetic_2024,mandi_price_weather_dataset.csv,31.42,73.08,synthetic_generated
2024-05-11,Faisalabad,Tomato,1 Kg,95.8,102.12,108.62,29.4,0.2,58.3,1,12.82,synthetic_2024,mandi_price_weather_dataset.csv,31.42,73.08,synthetic_generated
2024-05-12,Faisalabad,Tomato,1 Kg,113.0,122.78,129.57,28.1,1.4,68.0,1,16.57,synthetic_2024,mandi_price_weather_dataset.csv,31.42,73.08,synthetic_generated
2024-05-13,Faisalabad,Tomato,1 Kg,79.08,85.52,91.12,29.6,0.5,62.2,1,12.04,synthetic_2024,mandi_price_weather_dataset.csv,31.42,73.08,synthetic_generated
2024-05-14,Faisalabad,Tomato,1 Kg,119.45,127.42,133.45,30.8,0.9,57.0,1,14.0,synthetic_2024,mandi_price_weather_dataset.csv,31.42,73.08,synthetic_generated
2024-05-15,Faisalabad,Tomato,1 Kg,92.42,98.9,102.35,31.6,0.4,64.9,1,9.93,synthetic_2024,mandi_price_weather_dataset.csv,31.42,73.08,synthetic_generated
2024-05-16,Faisalabad,Tomato,1 Kg,103.68,108.82,116.35,28.9,0.3,60.6,1,12.67,synthetic_2024,mandi_price_weather_dataset.csv,31.42,73.08,synthetic_generated
2024-05-17,Faisalabad,Tomato,1 Kg,113.22,120.82,129.62,27.7,4.5,69.5,1,16.4,synthetic_2024,mandi_price_weather_dataset.csv,31.42,73.08,synthetic_generated
2024-05-18,Faisalabad,Tomato,1 Kg,86.48,90.75,94.38,29.3,0.5,69.7,1,7.9,synthetic_2024,mandi_price_weather_dataset.csv,31.42,73.08,synthetic_generated
2024-05-19,Faisalabad,Tomato,1 Kg,122.65,132.3,136.65,30.9,0.5,64.3,1,14.0,synthetic_2024,mandi_price_weather_dataset.csv,31.42,73.08,synthetic_generated
2024-05-20,Faisalabad,Tomato,1 Kg,99.12,103.48,111.0,32.0,1.4,64.8,1,11.88,synthetic_2024,mandi_price_weather_dataset.csv,31.42,73.08,synthetic_generated
2024-05-21,Faisalabad,Tomato,1 Kg,109.55,114.82,123.3,31.5,0.0,66.1,1,13.75,synthetic_2024,mandi_price_weather_dataset.csv,31.42,73.08,synthetic_generated
2024-05-22,Faisalabad,Tomato,1 Kg,116.05,125.0,128.9,32.4,1.1,63.4,1,12.85,synthetic_2024,mandi_price_weather_dataset.csv,31.42,73.08,synthetic_generated
2024-05-23,Faisalabad,Tomato,1 Kg,104.8,108.38,114.15,33.4,0.2,60.0,1,9.35,synthetic_2024,mandi_price_weather_dataset.csv,31.42,73.08,synthetic_generated
2024-05-24,Faisalabad,Tomato,1 Kg,93.2,101.25,105.72,32.2,1.0,69.9,1,12.52,synthetic_2024,mandi_price_weather_dataset.csv,31.42,73.08,synthetic_generated
2024-05-25,Faisalabad,Tomato,1 Kg,106.75,110.98,116.1,33.8,3.8,66.2,1,9.35,synthetic_2024,mandi_price_weather_dataset.csv,31.42,73.08,synthetic_generated
2024-05-26,Faisalabad,Tomato,1 Kg,98.12,102.95,107.02,29.1,0.1,60.8,1,8.9,synthetic_2024,mandi_price_weather_dataset.csv,31.42,73.08,synthetic_generated
2024-05-27,Faisalabad,Tomato,1 Kg,132.48,143.68,149.0,36.8,0.7,68.5,1,16.52,synthetic_2024,mandi_price_weather_dataset.csv,31.42,73.08,synthetic_generated
2024-05-28,Faisalabad,Tomato,1 Kg,66.45,70.12,74.62,34.6,0.0,69.3,1,8.17,synthetic_2024,mandi_price_weather_dataset.csv,31.42,73.08,synthetic_generated
2024-05-29,Faisalabad,Tomato,1 Kg,120.02,127.1,131.32,32.6,0.3,62.1,1,11.3,synthetic_2024,mandi_price_weather_dataset.csv,31.42,73.08,synthetic_generated
2024-05-30,Faisalabad,Tomato,1 Kg,107.0,113.68,118.98,31.1,0.9,74.8,1,11.98,synthetic_2024,mandi_price_weather_dataset.csv,31.42,73.08,synthetic_generated
2024-05-31,Faisalabad,Tomato,1 Kg,114.48,120.05,124.08,30.4,1.7,74.2,1,9.6,synthetic_2024,mandi_price_weather_dataset.csv,31.42,73.08,synthetic_generated
2024-06-01,Faisalabad,Tomato,1 Kg,127.32,138.3,144.82,33.2,2.7,69.2,1,17.5,synthetic_2024,mandi_price_weather_dataset.csv,31.42,73.08,synthetic_generated
2024-06-02,Faisalabad,Tomato,1 Kg,104.45,110.2,114.2,32.5,1.0,70.0,1,9.75,synthetic_2024,mandi_price_weather_dataset.csv,31.42,73.08,synthetic_generated
2024-06-03,Faisalabad,Tomato,1 Kg,112.2,120.35,125.52,35.3,0.2,64.6,1,13.32,synthetic_2024,mandi_price_weather_dataset.csv,31.42,73.08,synthetic_generated
2024-06-04,Faisalabad,Tomato,1 Kg,89.15,96.45,103.48,32.5,0.9,70.8,1,14.33,synthetic_2024,mandi_price_weather_dataset.csv,31.42,73.08,synthetic_generated
2024-06-05,Faisalabad,Tomato,1 Kg,93.65,97.55,100.95,36.3,1.3,72.0,1,7.3,synthetic_2024,mandi_price_weather_dataset.csv,31.42,73.08,synthetic_generated
2024-06-06,Faisalabad,Tomato,1 Kg,85.45,91.3,97.9,34.7,2.3,66.1,1,12.45,synthetic_2024,mandi_price_weather_dataset.csv,31.42,73.08,synthetic_generated
2024-06-07,Faisalabad,Tomato,1 Kg,117.42,125.4,131.32,30.2,0.8,61.7,1,13.9,synthetic_2024,mandi_price_weather_dataset.csv,31.42,73.08,synthetic_generated
2024-06-08,Faisalabad,Tomato,1 Kg,105.22,113.0,116.68,35.5,0.1,68.4,1,11.46,synthetic_2024,mandi_price_weather_dataset.csv,31.42,73.08,synthetic_generated
2024-06-09,Faisalabad,Tomato,1 Kg,65.28,67.3,70.8,37.8,0.2,69.5,1,5.52,synthetic_2024,mandi_price_weather_dataset.csv,31.42,73.08,synthetic_generated
2024-06-10,Faisalabad,Tomato,1 Kg,100.32,107.42,115.68,35.6,1.0,81.6,1,15.36,synthetic_2024,mandi_price_weather_dataset.csv,31.42,73.08,synthetic_generated
2024-06-11,Faisalabad,Tomato,1 Kg,92.1,96.2,99.82,37.8,2.0,72.0,1,7.72,synthetic_2024,mandi_price_weather_dataset.csv,31.42,73.08,synthetic_generated
2024-06-12,Faisalabad,Tomato,1 Kg,87.85,92.1,97.25,37.8,0.1,70.2,1,9.4,synthetic_2024,mandi_price_weather_dataset.csv,31.42,73.08,synthetic_generated
2024-06-13,Faisalabad,Tomato,1 Kg,127.7,133.05,138.07,37.4,4.4,70.0,1,10.37,synthetic_2024,mandi_price_weather_dataset.csv,31.42,73.08,synthetic_generated
2024-06-14,Faisalabad,Tomato,1 Kg,110.65,119.18,123.92,33.4,0.1,67.0,1,13.27,synthetic_2024,mandi_price_weather_dataset.csv,31.42,73.08,synthetic_generated
2024-06-15,Faisalabad,Tomato,1 Kg,90.62,95.52,102.6,37.0,0.2,57.9,1,11.98,synthetic_2024,mandi_price_weather_dataset.csv,31.42,73.08,synthetic_generated
2024-06-16,Faisalabad,Tomato,1 Kg,88.82,94.45,100.05,33.7,0.3,66.3,1,11.23,synthetic_2024,mandi_price_weather_dataset.csv,31.42,73.08,synthetic_generated
2024-06-17,Faisalabad,Tomato,1 Kg,109.92,117.22,123.05,35.1,0.0,72.5,1,13.13,synthetic_2024,mandi_price_weather_dataset.csv,31.42,73.08,synthetic_generated
2024-06-18,Faisalabad,Tomato,1 Kg,99.38,103.3,108.02,30.7,0.5,66.0,1,8.64,synthetic_2024,mandi_price_weather_dataset.csv,31.42,73.08,synthetic_generated
2024-06-19,Faisalabad,Tomato,1 Kg,93.52,99.02,106.62,34.4,0.0,64.9,1,13.1,synthetic_2024,mandi_price_weather_dataset.csv,31.42,73.08,synthetic_generated
2024-06-20,Faisalabad,Tomato,1 Kg,113.7,119.05,125.45,37.2,2.4,71.6,1,11.75,synthetic_2024,mandi_price_weather_dataset.csv,31.42,73.08,synthetic_generated
2024-06-21,Faisalabad,Tomato,1 Kg,54.62,57.2,60.4,33.6,0.1,64.7,1,5.78,synthetic_2024,mandi_price_weather_dataset.csv,31.42,73.08,synthetic_generated
2024-06-22,Faisalabad,Tomato,1 Kg,134.02,144.72,153.65,32.4,2.2,64.0,1,19.63,synthetic_2024,mandi_price_weather_dataset.csv,31.42,73.08,synthetic_generated
2024-06-23,Faisalabad,Tomato,1 Kg,90.48,93.8,99.85,34.5,1.1,65.3,1,9.37,synthetic_2024,mandi_price_weather_dataset.csv,31.42,73.08,synthetic_generated
2024-06-24,Faisalabad,Tomato,1 Kg,135.98,143.38,153.4,37.3,0.4,76.3,1,17.42,synthetic_2024,mandi_price_weather_dataset.csv,31.42,73.08,synthetic_generated
2024-06-25,Faisalabad,Tomato,1 Kg,90.72,97.32,101.62,34.8,0.5,62.4,1,10.9,synthetic_2024,mandi_price_weather_dataset.csv,31.42,73.08,synthetic_generated
2024-06-26,Faisalabad,Tomato,1 Kg,77.7,84.15,88.22,35.9,0.7,80.2,1,10.52,synthetic_2024,mandi_price_weather_dataset.csv,31.42,73.08,synthetic_generated
2024-06-27,Faisalabad,Tomato,1 Kg,123.82,130.7,136.22,34.5,0.2,70.7,1,12.4,synthetic_2024,mandi_price_weather_dataset.csv,31.42,73.08,synthetic_generated
2024-06-28,Faisalabad,Tomato,1 Kg,84.7,89.68,93.82,36.9,0.7,76.5,1,9.12,synthetic_2024,mandi_price_weather_dataset.csv,31.42,73.08,synthetic_generated
2024-06-29,Faisalabad,Tomato,1 Kg,75.8,78.6,83.45,38.7,0.7,78.9,1,7.65,synthetic_2024,mandi_price_weather_dataset.csv,31.42,73.08,synthetic_generated
2024-06-30,Faisalabad,Tomato,1 Kg,106.68,110.82,114.22,36.9,2.0,71.8,1,7.54,synthetic_2024,mandi_price_weather_dataset.csv,31.42,73.08,synthetic_generated
2024-07-01,Faisalabad,Tomato,1 Kg,85.68,91.05,96.88,32.9,2.2,72.0,1,11.2,synthetic_2024,mandi_price_weather_dataset.csv,31.42,73.08,synthetic_generated
2024-07-02,Faisalabad,Tomato,1 Kg,106.22,111.0,114.78,31.6,2.2,62.5,1,8.56,synthetic_2024,mandi_price_weather_dataset.csv,31.42,73.08,synthetic_generated
2024-07-03,Faisalabad,Tomato,1 Kg,114.62,118.45,125.1,30.6,0.6,73.6,1,10.48,synthetic_2024,mandi_price_weather_dataset.csv,31.42,73.08,synthetic_generated
2024-07-04,Faisalabad,Tomato,1 Kg,98.55,103.72,107.58,34.1,2.8,70.6,1,9.03,synthetic_2024,mandi_price_weather_dataset.csv,31.42,73.08,synthetic_generated
2024-07-05,Faisalabad,Tomato,1 Kg,98.08,105.4,109.38,39.2,5.7,65.1,1,11.3,synthetic_2024,mandi_price_weather_dataset.csv,31.42,73.08,synthetic_generated
2024-07-06,Faisalabad,Tomato,1 Kg,95.58,100.35,105.6,31.8,1.8,82.5,1,10.02,synthetic_2024,mandi_price_weather_dataset.csv,31.42,73.08,synthetic_generated
2024-07-07,Faisalabad,Tomato,1 Kg,62.68,67.32,71.08,33.3,1.0,66.6,1,8.4,synthetic_2024,mandi_price_weather_dataset.csv,31.42,73.08,synthetic_generated
2024-07-08,Faisalabad,Tomato,1 Kg,108.8,118.0,121.8,34.4,6.5,71.9,1,13.0,synthetic_2024,mandi_price_weather_dataset.csv,31.42,73.08,synthetic_generated
2024-07-09,Faisalabad,Tomato,1 Kg,90.95,94.72,99.18,35.0,7.1,80.2,1,8.23,synthetic_2024,mandi_price_weather_dataset.csv,31.42,73.08,synthetic_generated
2024-07-10,Faisalabad,Tomato,1 Kg,88.9,95.62,101.85,32.5,3.4,78.9,1,12.95,synthetic_2024,mandi_price_weather_dataset.csv,31.42,73.08,synthetic_generated
2024-07-11,Faisalabad,Tomato,1 Kg,105.52,110.85,118.48,33.9,0.5,62.0,1,12.96,synthetic_2024,mandi_price_weather_dataset.csv,31.42,73.08,synthetic_generated
2024-07-12,Faisalabad,Tomato,1 Kg,128.7,134.82,143.65,33.5,1.1,63.6,1,14.95,synthetic_2024,mandi_price_weather_dataset.csv,31.42,73.08,synthetic_generated
2024-07-13,Faisalabad,Tomato,1 Kg,125.1,129.35,135.45,37.6,7.1,72.4,1,10.35,synthetic_2024,mandi_price_weather_dataset.csv,31.42,73.08,synthetic_generated
2024-07-14,Faisalabad,Tomato,1 Kg,62.05,65.9,68.92,32.8,3.2,73.9,1,6.87,synthetic_2024,mandi_price_weather_dataset.csv,31.42,73.08,synthetic_generated
2024-07-15,Faisalabad,Tomato,1 Kg,97.4,105.3,111.05,33.6,0.3,69.3,1,13.65,synthetic_2024,mandi_price_weather_dataset.csv,31.42,73.08,synthetic_generated
2024-07-16,Faisalabad,Tomato,1 Kg,78.25,84.38,90.15,34.9,4.2,71.5,1,11.9,synthetic_2024,mandi_price_weather_dataset.csv,31.42,73.08,synthetic_generated
2024-07-17,Faisalabad,Tomato,1 Kg,90.45,94.6,101.25,30.5,2.5,70.1,1,10.8,synthetic_2024,mandi_price_weather_dataset.csv,31.42,73.08,synthetic_generated
2024-07-18,Faisalabad,Tomato,1 Kg,73.58,76.75,79.4,36.7,4.5,68.9,1,5.82,synthetic_2024,mandi_price_weather_dataset.csv,31.42,73.08,synthetic_generated
2024-07-19,Faisalabad,Tomato,1 Kg,89.78,93.22,96.42,31.8,6.8,69.1,1,6.64,synthetic_2024,mandi_price_weather_dataset.csv,31.42,73.08,synthetic_generated
2024-07-20,Faisalabad,Tomato,1 Kg,101.85,109.6,114.55,35.3,2.1,75.5,1,12.7,synthetic_2024,mandi_price_weather_dataset.csv,31.42,73.08,synthetic_generated
2024-07-21,Faisalabad,Tomato,1 Kg,103.2,110.82,114.85,31.6,3.5,68.1,1,11.65,synthetic_2024,mandi_price_weather_dataset.csv,31.42,73.08,synthetic_generated
2024-07-22,Faisalabad,Tomato,1 Kg,121.8,131.95,142.28,35.0,0.0,74.3,1,20.48,synthetic_2024,mandi_price_weather_dataset.csv,31.42,73.08,synthetic_generated
2024-07-23,Faisalabad,Tomato,1 Kg,75.03,81.35,84.12,34.2,6.8,64.4,1,9.09,synthetic_2024,mandi_price_weather_dataset.csv,31.42,73.08,synthetic_generated
2024-07-24,Faisalabad,Tomato,1 Kg,133.18,142.07,146.48,36.1,0.1,69.8,1,13.3,synthetic_2024,mandi_price_weather_dataset.csv,31.42,73.08,synthetic_generated
2024-07-25,Faisalabad,Tomato,1 Kg,98.9,105.4,112.45,31.0,0.7,62.7,1,13.55,synthetic_2024,mandi_price_weather_dataset.csv,31.42,73.08,synthetic_generated
2024-07-26,Faisalabad,Tomato,1 Kg,86.35,92.42,99.82,35.1,1.2,68.5,1,13.47,synthetic_2024,mandi_price_weather_dataset.csv,31.42,73.08,synthetic_generated
2024-07-27,Faisalabad,Tomato,1 Kg,96.05,102.35,107.28,32.4,0.8,72.0,1,11.23,synthetic_2024,mandi_price_weather_dataset.csv,31.42,73.08,synthetic_generated
2024-07-28,Faisalabad,Tomato,1 Kg,124.18,134.65,141.2,32.0,1.3,71.0,1,17.02,synthetic_2024,mandi_price_weather_dataset.csv,31.42,73.08,synthetic_generated
2024-07-29,Faisalabad,Tomato,1 Kg,74.85,80.1,84.92,30.2,0.9,67.2,1,10.07,synthetic_2024,mandi_price_weather_dataset.csv,31.42,73.08,synthetic_generated
2024-07-30,Faisalabad,Tomato,1 Kg,121.88,131.3,139.28,35.2,12.1,66.8,1,17.4,synthetic_2024,mandi_price_weather_dataset.csv,31.42,73.08,synthetic_generated
2024-07-31,Faisalabad,Tomato,1 Kg,84.22,88.05,90.9,31.0,2.0,64.9,1,6.68,synthetic_2024,mandi_price_weather_dataset.csv,31.42,73.08,synthetic_generated
2024-08-01,Faisalabad,Tomato,1 Kg,99.45,107.98,115.15,31.3,2.0,59.5,1,15.7,synthetic_2024,mandi_price_weather_dataset.csv,31.42,73.08,synthetic_generated
2024-08-02,Faisalabad,Tomato,1 Kg,97.2,103.6,107.65,31.1,2.9,69.4,1,10.45,synthetic_2024,mandi_price_weather_dataset.csv,31.42,73.08,synthetic_generated
2024-08-03,Faisalabad,Tomato,1 Kg,118.18,124.78,131.18,30.0,3.4,72.1,1,13.0,synthetic_2024,mandi_price_weather_dataset.csv,31.42,73.08,synthetic_generated
2024-08-04,Faisalabad,Tomato,1 Kg,96.6,100.98,106.75,30.9,2.5,66.0,1,10.15,synthetic_2024,mandi_price_weather_dataset.csv,31.42,73.08,synthetic_generated
2024-08-05,Faisalabad,Tomato,1 Kg,112.92,118.58,125.95,28.1,3.4,61.9,1,13.03,synthetic_2024,mandi_price_weather_dataset.csv,31.42,73.08,synthetic_generated
2024-08-06,Faisalabad,Tomato,1 Kg,105.55,113.55,120.52,35.0,0.4,62.7,1,14.97,synthetic_2024,mandi_price_weather_dataset.csv,31.42,73.08,synthetic_generated
2024-08-07,Faisalabad,Tomato,1 Kg,106.02,112.2,117.05,29.3,1.6,65.8,1,11.03,synthetic_2024,mandi_price_weather_dataset.csv,31.42,73.08,synthetic_generated
2024-08-08,Faisalabad,Tomato,1 Kg,87.3,90.62,94.52,29.6,0.3,62.9,1,7.22,synthetic_2024,mandi_price_weather_dataset.csv,31.42,73.08,synthetic_generated
2024-08-09,Faisalabad,Tomato,1 Kg,107.25,112.42,121.35,31.8,1.7,63.9,1,14.1,synthetic_2024,mandi_price_weather_dataset.csv,31.42,73.08,synthetic_generated
2024-08-10,Faisalabad,Tomato,1 Kg,102.2,110.38,117.55,28.6,3.3,59.0,1,15.35,synthetic_2024,mandi_price_weather_dataset.csv,31.42,73.08,synthetic_generated
2024-08-11,Faisalabad,Tomato,1 Kg,114.9,122.88,131.38,27.6,1.1,61.8,1,16.48,synthetic_2024,mandi_price_weather_dataset.csv,31.42,73.08,synthetic_generated
2024-08-12,Faisalabad,Tomato,1 Kg,103.6,107.95,114.55,30.0,0.9,60.5,1,10.95,synthetic_2024,mandi_price_weather_dataset.csv,31.42,73.08,synthetic_generated
2024-08-13,Faisalabad,Tomato,1 Kg,125.45,134.35,143.05,35.4,6.6,62.8,1,17.6,synthetic_2024,mandi_price_weather_dataset.csv,31.42,73.08,synthetic_generated
2024-08-14,Faisalabad,Tomato,1 Kg,92.1,96.98,102.72,31.0,3.1,59.6,1,10.62,synthetic_2024,mandi_price_weather_dataset.csv,31.42,73.08,synthetic_generated
2024-08-15,Faisalabad,Tomato,1 Kg,92.2,98.45,105.42,28.7,0.6,70.1,1,13.22,synthetic_2024,mandi_price_weather_dataset.csv,31.42,73.08,synthetic_generated
2024-08-16,Faisalabad,Tomato,1 Kg,107.95,112.28,119.38,32.2,4.1,59.6,1,11.43,synthetic_2024,mandi_price_weather_dataset.csv,31.42,73.08,synthetic_generated
2024-08-17,Faisalabad,Tomato,1 Kg,92.32,100.1,106.6,30.6,8.7,65.1,1,14.28,synthetic_2024,mandi_price_weather_dataset.csv,31.42,73.08,synthetic_generated
2024-08-18,Faisalabad,Tomato,1 Kg,110.85,117.02,122.32,32.4,3.4,66.7,1,11.47,synthetic_2024,mandi_price_weather_dataset.csv,31.42,73.08,synthetic_generated
2024-08-19,Faisalabad,Tomato,1 Kg,96.38,104.55,112.42,30.9,0.5,65.1,1,16.04,synthetic_2024,mandi_price_weather_dataset.csv,31.42,73.08,synthetic_generated
2024-08-20,Faisalabad,Tomato,1 Kg,107.5,114.92,123.12,31.8,0.2,58.0,1,15.62,synthetic_2024,mandi_price_weather_dataset.csv,31.42,73.08,synthetic_generated
2024-08-21,Faisalabad,Tomato,1 Kg,125.38,132.75,141.28,31.8,7.7,67.9,1,15.9,synthetic_2024,mandi_price_weather_dataset.csv,31.42,73.08,synthetic_generated
2024-08-22,Faisalabad,Tomato,1 Kg,54.0,57.88,62.48,29.0,1.1,58.0,1,8.48,synthetic_2024,mandi_price_weather_dataset.csv,31.42,73.08,synthetic_generated
2024-08-23,Faisalabad,Tomato,1 Kg,114.2,121.7,130.93,28.7,1.7,60.5,1,16.73,synthetic_2024,mandi_price_weather_dataset.csv,31.42,73.08,synthetic_generated
2024-08-24,Faisalabad,Tomato,1 Kg,121.72,130.1,136.93,25.7,1.0,57.3,1,15.21,synthetic_2024,mandi_price_weather_dataset.csv,31.42,73.08,synthetic_generated
2024-08-25,Faisalabad,Tomato,1 Kg,92.28,97.0,101.78,26.6,3.7,53.2,1,9.5,synthetic_2024,mandi_price_weather_dataset.csv,31.42,73.08,synthetic_generated
2024-08-26,Faisalabad,Tomato,1 Kg,98.55,104.88,111.85,27.2,1.4,56.4,1,13.3,synthetic_2024,mandi_price_weather_dataset.csv,31.42,73.08,synthetic_generated
2024-08-27,Faisalabad,Tomato,1 Kg,112.48,116.22,124.95,30.5,0.5,58.2,1,12.47,synthetic_2024,mandi_price_weather_dataset.csv,31.42,73.08,synthetic_generated
2024-08-28,Faisalabad,Tomato,1 Kg,92.65,97.92,103.4,26.2,1.4,53.0,1,10.75,synthetic_2024,mandi_price_weather_dataset.csv,31.42,73.08,synthetic_generated
2024-08-29,Faisalabad,Tomato,1 Kg,138.48,146.5,157.85,27.9,0.3,55.0,1,19.37,synthetic_2024,mandi_price_weather_dataset.csv,31.42,73.08,synthetic_generated
2024-08-30,Faisalabad,Tomato,1 Kg,120.7,128.55,136.98,27.9,4.5,59.4,1,16.28,synthetic_2024,mandi_price_weather_dataset.csv,31.42,73.08,synthetic_generated
2024-08-31,Faisalabad,Tomato,1 Kg,88.1,91.98,98.32,29.6,2.3,65.2,1,10.22,synthetic_2024,mandi_price_weather_dataset.csv,31.42,73.08,synthetic_generated
2024-09-01,Faisalabad,Tomato,1 Kg,111.92,116.5,121.95,28.2,0.8,59.4,1,10.03,synthetic_2024,mandi_price_weather_dataset.csv,31.42,73.08,synthetic_generated
2024-09-02,Faisalabad,Tomato,1 Kg,87.58,94.7,100.28,28.1,7.2,62.2,1,12.7,synthetic_2024,mandi_price_weather_dataset.csv,31.42,73.08,synthetic_generated
2024-09-03,Faisalabad,Tomato,1 Kg,108.15,112.4,120.68,27.8,0.6,58.4,1,12.53,synthetic_2024,mandi_price_weather_dataset.csv,31.42,73.08,synthetic_generated
2024-09-04,Faisalabad,Tomato,1 Kg,86.95,90.85,94.28,24.8,0.6,57.6,1,7.33,synthetic_2024,mandi_price_weather_dataset.csv,31.42,73.08,synthetic_generated
2024-09-05,Faisalabad,Tomato,1 Kg,121.08,125.65,130.28,23.1,0.0,51.7,1,9.2,synthetic_2024,mandi_price_weather_dataset.csv,31.42,73.08,synthetic_generated
2024-09-06,Faisalabad,Tomato,1 Kg,88.3,95.5,101.08,23.0,1.4,55.2,1,12.78,synthetic_2024,mandi_price_weather_dataset.csv,31.42,73.08,synthetic_generated
2024-09-07,Faisalabad,Tomato,1 Kg,104.58,109.32,117.18,26.7,7.4,54.5,1,12.6,synthetic_2024,mandi_price_weather_dataset.csv,31.42,73.08,synthetic_generated
2024-09-08,Faisalabad,Tomato,1 Kg,65.75,71.47,76.15,29.2,2.5,54.8,1,10.4,synthetic_2024,mandi_price_weather_dataset.csv,31.42,73.08,synthetic_generated
2024-09-09,Faisalabad,Tomato,1 Kg,121.4,125.2,134.3,25.0,0.5,55.4,1,12.9,synthetic_2024,mandi_price_weather_dataset.csv,31.42,73.08,synthetic_generated
2024-09-10,Faisalabad,Tomato,1 Kg,115.75,124.38,132.88,26.3,2.6,53.4,1,17.13,synthetic_2024,mandi_price_weather_dataset.csv,31.42,73.08,synthetic_generated
2024-09-11,Faisalabad,Tomato,1 Kg,88.95,92.02,97.12,20.5,3.1,52.9,1,8.17,synthetic_2024,mandi_price_weather_dataset.csv,31.42,73.08,synthetic_generated
2024-09-12,Faisalabad,Tomato,1 Kg,84.62,89.55,94.65,23.9,8.7,60.0,1,10.03,synthetic_2024,mandi_price_weather_dataset.csv,31.42,73.08,synthetic_generated
2024-09-13,Faisalabad,Tomato,1 Kg,70.1,72.7,76.05,26.6,1.2,56.0,1,5.95,synthetic_2024,mandi_price_weather_dataset.csv,31.42,73.08,synthetic_generated
2024-09-14,Faisalabad,Tomato,1 Kg,105.38,112.38,117.22,21.5,10.9,57.5,1,11.84,synthetic_2024,mandi_price_weather_dataset.csv,31.42,73.08,synthetic_generated
2024-09-15,Faisalabad,Tomato,1 Kg,104.42,112.3,120.95,24.9,1.5,54.0,1,16.53,synthetic_2024,mandi_price_weather_dataset.csv,31.42,73.08,synthetic_generated
2024-09-16,Faisalabad,Tomato,1 Kg,157.07,163.7,175.58,22.7,0.2,44.6,1,18.51,synthetic_2024,mandi_price_weather_dataset.csv,31.42,73.08,synthetic_generated
2024-09-17,Faisalabad,Tomato,1 Kg,115.0,119.68,126.55,24.2,0.3,52.8,1,11.55,synthetic_2024,mandi_price_weather_dataset.csv,31.42,73.08,synthetic_generated
2024-09-18,Faisalabad,Tomato,1 Kg,101.02,104.42,109.12,27.9,0.7,44.3,1,8.1,synthetic_2024,mandi_price_weather_dataset.csv,31.42,73.08,synthetic_generated
2024-09-19,Faisalabad,Tomato,1 Kg,126.72,133.62,141.75,23.5,0.4,49.3,1,15.03,synthetic_2024,mandi_price_weather_dataset.csv,31.42,73.08,synthetic_generated
2024-09-20,Faisalabad,Tomato,1 Kg,82.65,86.85,91.22,18.6,0.3,48.6,1,8.57,synthetic_2024,mandi_price_weather_dataset.csv,31.42,73.08,synthetic_generated
2024-09-21,Faisalabad,Tomato,1 Kg,116.6,124.42,130.93,21.8,0.5,47.9,1,14.33,synthetic_2024,mandi_price_weather_dataset.csv,31.42,73.08,synthetic_generated
2024-09-22,Faisalabad,Tomato,1 Kg,97.35,103.45,109.78,21.0,3.0,55.3,1,12.43,synthetic_2024,mandi_price_weather_dataset.csv,31.42,73.08,synthetic_generated
2024-09-23,Faisalabad,Tomato,1 Kg,82.0,88.32,94.58,20.8,2.0,43.3,1,12.58,synthetic_2024,mandi_price_weather_dataset.csv,31.42,73.08,synthetic_generated
2024-09-24,Faisalabad,Tomato,1 Kg,128.3,138.7,145.78,25.6,7.7,48.7,1,17.48,synthetic_2024,mandi_price_weather_dataset.csv,31.42,73.08,synthetic_generated
2024-09-25,Faisalabad,Tomato,1 Kg,125.75,132.57,137.28,19.9,2.0,43.2,1,11.53,synthetic_2024,mandi_price_weather_dataset.csv,31.42,73.08,synthetic_generated
2024-09-26,Faisalabad,Tomato,1 Kg,98.6,106.45,111.98,24.4,0.5,43.2,1,13.38,synthetic_2024,mandi_price_weather_dataset.csv,31.42,73.08,synthetic_generated
2024-09-27,Faisalabad,Tomato,1 Kg,115.82,122.68,130.6,19.4,2.7,46.6,1,14.78,synthetic_2024,mandi_price_weather_dataset.csv,31.42,73.08,synthetic_generated
2024-09-28,Faisalabad,Tomato,1 Kg,91.15,96.5,103.88,22.8,1.9,50.5,1,12.73,synthetic_2024,mandi_price_weather_dataset.csv,31.42,73.08,synthetic_generated
2024-09-29,Faisalabad,Tomato,1 Kg,133.82,138.88,143.7,18.8,8.1,43.3,1,9.88,synthetic_2024,mandi_price_weather_dataset.csv,31.42,73.08,synthetic_generated
2024-09-30,Faisalabad,Tomato,1 Kg,120.95,129.4,134.1,19.6,1.1,50.4,1,13.15,synthetic_2024,mandi_price_weather_dataset.csv,31.42,73.08,synthetic_generated
2024-10-01,Faisalabad,Tomato,1 Kg,115.8,123.28,132.62,21.3,1.3,39.1,1,16.82,synthetic_2024,mandi_price_weather_dataset.csv,31.42,73.08,synthetic_generated
2024-10-02,Faisalabad,Tomato,1 Kg,103.72,107.5,115.85,19.2,1.3,39.4,1,12.13,synthetic_2024,mandi_price_weather_dataset.csv,31.42,73.08,synthetic_generated
2024-10-03,Faisalabad,Tomato,1 Kg,123.45,133.65,143.02,22.9,1.5,46.6,1,19.57,synthetic_2024,mandi_price_weather_dataset.csv,31.42,73.08,synthetic_generated
2024-10-04,Faisalabad,Tomato,1 Kg,90.3,94.1,99.05,18.4,1.8,36.0,1,8.75,synthetic_2024,mandi_price_weather_dataset.csv,31.42,73.08,synthetic_generated
2024-10-05,Faisalabad,Tomato,1 Kg,102.25,110.1,117.5,14.9,0.7,50.1,1,15.25,synthetic_2024,mandi_price_weather_dataset.csv,31.42,73.08,synthetic_generated
2024-10-06,Faisalabad,Tomato,1 Kg,78.8,83.92,87.65,19.0,0.5,35.8,1,8.85,synthetic_2024,mandi_price_weather_dataset.csv,31.42,73.08,synthetic_generated
2024-10-07,Faisalabad,Tomato,1 Kg,109.82,116.85,122.62,18.5,0.2,38.8,1,12.8,synthetic_2024,mandi_price_weather_dataset.csv,31.42,73.08,synthetic_generated
2024-10-08,Faisalabad,Tomato,1 Kg,132.4,142.0,147.25,17.1,0.4,36.1,1,14.85,synthetic_2024,mandi_price_weather_dataset.csv,31.42,73.08,synthetic_generated
2024-10-09,Faisalabad,Tomato,1 Kg,76.97,82.0,86.15,15.6,0.0,45.1,1,9.18,synthetic_2024,mandi_price_weather_dataset.csv,31.42,73.08,synthetic_generated
2024-10-10,Faisalabad,Tomato,1 Kg,50.75,54.98,57.0,16.2,0.7,42.9,1,6.25,synthetic_2024,mandi_price_weather_dataset.csv,31.42,73.08,synthetic_generated
2024-10-11,Faisalabad,Tomato,1 Kg,102.18,110.02,113.45,17.7,1.0,40.0,1,11.27,synthetic_2024,mandi_price_weather_dataset.csv,31.42,73.08,synthetic_generated
2024-10-12,Faisalabad,Tomato,1 Kg,82.15,86.25,91.35,16.7,0.3,45.5,1,9.2,synthetic_2024,mandi_price_weather_dataset.csv,31.42,73.08,synthetic_generated
2024-10-13,Faisalabad,Tomato,1 Kg,114.7,122.92,130.62,15.9,1.1,36.1,1,15.92,synthetic_2024,mandi_price_weather_dataset.csv,31.42,73.08,synthetic_generated
2024-10-14,Faisalabad,Tomato,1 Kg,101.62,105.88,112.62,18.3,0.4,39.1,1,11.0,synthetic_2024,mandi_price_weather_dataset.csv,31.42,73.08,synthetic_generated
2024-10-15,Faisalabad,Tomato,1 Kg,132.72,139.35,146.98,18.5,0.3,37.7,1,14.26,synthetic_2024,mandi_price_weather_dataset.csv,31.42,73.08,synthetic_generated
2024-10-16,Faisalabad,Tomato,1 Kg,99.85,107.45,114.3,18.1,0.1,34.0,1,14.45,synthetic_2024,mandi_price_weather_dataset.csv,31.42,73.08,synthetic_generated
2024-10-17,Faisalabad,Tomato,1 Kg,108.1,113.8,117.38,18.5,0.7,43.2,1,9.28,synthetic_2024,mandi_price_weather_dataset.csv,31.42,73.08,synthetic_generated
2024-10-18,Faisalabad,Tomato,1 Kg,104.15,109.4,112.68,11.5,1.2,35.0,1,8.53,synthetic_2024,mandi_price_weather_dataset.csv,31.42,73.08,synthetic_generated
2024-10-19,Faisalabad,Tomato,1 Kg,144.28,153.95,165.05,16.6,0.1,35.7,1,20.77,synthetic_2024,mandi_price_weather_dataset.csv,31.42,73.08,synthetic_generated
2024-10-20,Faisalabad,Tomato,1 Kg,91.6,97.25,103.2,10.1,0.2,37.2,1,11.6,synthetic_2024,mandi_price_weather_dataset.csv,31.42,73.08,synthetic_generated
2024-10-21,Faisalabad,Tomato,1 Kg,135.05,139.93,144.12,12.2,0.7,45.0,1,9.07,synthetic_2024,mandi_price_weather_dataset.csv,31.42,73.08,synthetic_generated
2024-10-22,Faisalabad,Tomato,1 Kg,92.55,99.5,105.98,15.9,0.7,35.2,1,13.43,synthetic_2024,mandi_price_weather_dataset.csv,31.42,73.08,synthetic_generated
2024-10-23,Faisalabad,Tomato,1 Kg,78.95,83.72,89.12,17.1,2.2,38.4,1,10.17,synthetic_2024,mandi_price_weather_dataset.csv,31.42,73.08,synthetic_generated
2024-10-24,Faisalabad,Tomato,1 Kg,70.3,75.97,79.55,12.4,0.1,37.6,1,9.25,synthetic_2024,mandi_price_weather_dataset.csv,31.42,73.08,synthetic_generated
2024-10-25,Faisalabad,Tomato,1 Kg,120.88,128.48,134.0,13.0,1.0,37.4,1,13.12,synthetic_2024,mandi_price_weather_dataset.csv,31.42,73.08,synthetic_generated
2024-10-26,Faisalabad,Tomato,1 Kg,91.55,99.4,105.25,12.0,0.2,39.7,1,13.7,synthetic_2024,mandi_price_weather_dataset.csv,31.42,73.08,synthetic_generated
2024-10-27,Faisalabad,Tomato,1 Kg,84.88,91.25,98.05,11.3,0.2,27.6,1,13.17,synthetic_2024,mandi_price_weather_dataset.csv,31.42,73.08,synthetic_generated
2024-10-28,Faisalabad,Tomato,1 Kg,105.12,112.48,120.68,12.7,1.2,25.7,1,15.56,synthetic_2024,mandi_price_weather_dataset.csv,31.42,73.08,synthetic_generated
2024-10-29,Faisalabad,Tomato,1 Kg,106.95,111.88,120.65,10.9,0.5,27.5,1,13.7,synthetic_2024,mandi_price_weather_dataset.csv,31.42,73.08,synthetic_generated
2024-10-30,Faisalabad,Tomato,1 Kg,136.07,146.78,152.32,11.6,1.0,26.8,1,16.25,synthetic_2024,mandi_price_weather_dataset.csv,31.42,73.08,synthetic_generated
2024-10-31,Faisalabad,Tomato,1 Kg,117.65,122.22,127.9,10.1,0.4,22.9,1,10.25,synthetic_2024,mandi_price_weather_dataset.csv,31.42,73.08,synthetic_generated
2024-11-01,Faisalabad,Tomato,1 Kg,70.72,75.8,81.5,14.3,0.4,26.8,1,10.78,synthetic_2024,mandi_price_weather_dataset.csv,31.42,73.08,synthetic_generated
2024-11-02,Faisalabad,Tomato,1 Kg,141.62,150.4,156.68,13.5,0.0,35.9,1,15.06,synthetic_2024,mandi_price_weather_dataset.csv,31.42,73.08,synthetic_generated
2024-11-03,Faisalabad,Tomato,1 Kg,115.18,121.92,130.52,13.7,0.1,29.4,1,15.34,synthetic_2024,mandi_price_weather_dataset.csv,31.42,73.08,synthetic_generated
2024-11-04,Faisalabad,Tomato,1 Kg,161.1,168.32,173.62,14.0,1.8,41.3,1,12.52,synthetic_2024,mandi_price_weather_dataset.csv,31.42,73.08,synthetic_generated
2024-11-05,Faisalabad,Tomato,1 Kg,133.32,138.25,145.22,11.9,0.1,35.0,1,11.9,synthetic_2024,mandi_price_weather_dataset.csv,31.42,73.08,synthetic_generated
2024-11-06,Faisalabad,Tomato,1 Kg,118.78,128.6,136.02,13.4,0.9,35.8,1,17.24,synthetic_2024,mandi_price_weather_dataset.csv,31.42,73.08,synthetic_generated
2024-11-07,Faisalabad,Tomato,1 Kg,79.15,82.72,88.9,10.9,1.2,26.3,1,9.75,synthetic_2024,mandi_price_weather_dataset.csv,31.42,73.08,synthetic_generated
2024-11-08,Faisalabad,Tomato,1 Kg,132.18,141.43,151.8,7.9,0.7,32.3,1,19.62,synthetic_2024,mandi_price_weather_dataset.csv,31.42,73.08,synthetic_generated
2024-11-09,Faisalabad,Tomato,1 Kg,94.08,98.72,101.9,11.8,0.4,24.6,1,7.82,synthetic_2024,mandi_price_weather_dataset.csv,31.42,73.08,synthetic_generated
2024-11-10,Faisalabad,Tomato,1 Kg,122.28,131.32,141.02,10.2,0.2,39.0,1,18.74,synthetic_2024,mandi_price_weather_dataset.csv,31.42,73.08,synthetic_generated
2024-11-11,Faisalabad,Tomato,1 Kg,130.57,140.75,148.35,6.3,0.5,23.5,1,17.78,synthetic_2024,mandi_price_weather_dataset.csv,31.42,73.08,synthetic_generated
2024-11-12,Faisalabad,Tomato,1 Kg,111.48,120.48,129.88,9.7,1.6,29.8,1,18.4,synthetic_2024,mandi_price_weather_dataset.csv,31.42,73.08,synthetic_generated
2024-11-13,Faisalabad,Tomato,1 Kg,97.28,104.05,108.8,10.3,0.9,31.5,1,11.52,synthetic_2024,mandi_price_weather_dataset.csv,31.42,73.08,synthetic_generated
2024-11-14,Faisalabad,Tomato,1 Kg,119.82,124.88,133.98,9.7,0.4,28.3,1,14.16,synthetic_2024,mandi_price_weather_dataset.csv,31.42,73.08,synthetic_generated
2024-11-15,Faisalabad,Tomato,1 Kg,123.68,129.57,135.95,6.5,1.9,27.5,1,12.27,synthetic_2024,mandi_price_weather_dataset.csv,31.42,73.08,synthetic_generated
2024-11-16,Faisalabad,Tomato,1 Kg,125.7,133.32,142.95,10.1,0.5,30.4,1,17.25,synthetic_2024,mandi_price_weather_dataset.csv,31.42,73.08,synthetic_generated
2024-11-17,Faisalabad,Tomato,1 Kg,109.55,115.1,122.2,10.5,0.2,28.8,1,12.65,synthetic_2024,mandi_price_weather_dataset.csv,31.42,73.08,synthetic_generated
2024-11-18,Faisalabad,Tomato,1 Kg,108.4,116.65,121.18,7.0,2.3,26.0,1,12.78,synthetic_2024,mandi_price_weather_dataset.csv,31.42,73.08,synthetic_generated
2024-11-19,Faisalabad,Tomato,1 Kg,119.08,127.08,136.0,6.9,0.9,26.8,1,16.92,synthetic_2024,mandi_price_weather_dataset.csv,31.42,73.08,synthetic_generated
2024-11-20,Faisalabad,Tomato,1 Kg,111.75,121.02,128.15,5.9,0.2,20.8,1,16.4,synthetic_2024,mandi_price_weather_dataset.csv,31.42,73.08,synthetic_generated
2024-11-21,Faisalabad,Tomato,1 Kg,93.3,97.45,104.6,5.3,1.4,31.6,1,11.3,synthetic_2024,mandi_price_weather_dataset.csv,31.42,73.08,synthetic_generated
2024-11-22,Faisalabad,Tomato,1 Kg,130.93,136.82,144.2,5.6,1.1,20.5,1,13.27,synthetic_2024,mandi_price_weather_dataset.csv,31.42,73.08,synthetic_generated
2024-11-23,Faisalabad,Tomato,1 Kg,119.65,123.9,127.7,9.0,1.6,26.7,1,8.05,synthetic_2024,mandi_price_weather_dataset.csv,31.42,73.08,synthetic_generated
2024-11-24,Faisalabad,Tomato,1 Kg,138.98,143.78,152.32,6.3,0.8,21.2,1,13.34,synthetic_2024,mandi_price_weather_dataset.csv,31.42,73.08,synthetic_generated
2024-11-25,Faisalabad,Tomato,1 Kg,140.9,152.2,157.65,8.7,0.5,20.2,1,16.75,synthetic_2024,mandi_price_weather_dataset.csv,31.42,73.08,synthetic_generated
2024-11-26,Faisalabad,Tomato,1 Kg,100.4,107.95,111.9,10.6,1.2,28.8,1,11.5,synthetic_2024,mandi_price_weather_dataset.csv,31.42,73.08,synthetic_generated
2024-11-27,Faisalabad,Tomato,1 Kg,130.68,135.55,146.1,7.4,0.5,25.6,1,15.42,synthetic_2024,mandi_price_weather_dataset.csv,31.42,73.08,synthetic_generated
2024-11-28,Faisalabad,Tomato,1 Kg,124.0,132.35,137.02,5.6,0.3,25.7,1,13.02,synthetic_2024,mandi_price_weather_dataset.csv,31.42,73.08,synthetic_generated
2024-11-29,Faisalabad,Tomato,1 Kg,160.78,166.4,176.32,7.1,1.1,29.0,1,15.54,synthetic_2024,mandi_price_weather_dataset.csv,31.42,73.08,synthetic_generated
2024-11-30,Faisalabad,Tomato,1 Kg,91.58,97.22,104.3,5.6,0.6,20.0,1,12.72,synthetic_2024,mandi_price_weather_dataset.csv,31.42,73.08,synthetic_generated
2024-12-01,Faisalabad,Tomato,1 Kg,114.35,119.7,128.65,2.8,0.7,21.7,1,14.3,synthetic_2024,mandi_price_weather_dataset.csv,31.42,73.08,synthetic_generated
2024-12-02,Faisalabad,Tomato,1 Kg,101.85,107.48,112.95,7.2,1.8,25.6,1,11.1,synthetic_2024,mandi_price_weather_dataset.csv,31.42,73.08,synthetic_generated
2024-12-03,Faisalabad,Tomato,1 Kg,131.32,142.28,151.55,3.8,3.5,23.2,1,20.23,synthetic_2024,mandi_price_weather_dataset.csv,31.42,73.08,synthetic_generated
2024-12-04,Faisalabad,Tomato,1 Kg,145.95,152.12,163.88,7.8,0.3,20.0,1,17.93,synthetic_2024,mandi_price_weather_dataset.csv,31.42,73.08,synthetic_generated
2024-12-05,Faisalabad,Tomato,1 Kg,129.35,139.28,144.55,4.7,0.8,20.0,1,15.2,synthetic_2024,mandi_price_weather_dataset.csv,31.42,73.08,synthetic_generated
2024-12-06,Faisalabad,Tomato,1 Kg,137.98,143.43,153.52,10.0,0.0,27.1,1,15.54,synthetic_2024,mandi_price_weather_dataset.csv,31.42,73.08,synthetic_generated
2024-12-07,Faisalabad,Tomato,1 Kg,88.52,95.45,100.18,4.6,0.4,25.2,1,11.66,synthetic_2024,mandi_price_weather_dataset.csv,31.42,73.08,synthetic_generated
2024-12-08,Faisalabad,Tomato,1 Kg,155.9,161.45,167.45,6.2,0.0,20.0,1,11.55,synthetic_2024,mandi_price_weather_dataset.csv,31.42,73.08,synthetic_generated
2024-12-09,Faisalabad,Tomato,1 Kg,120.15,127.22,133.32,8.9,0.5,20.1,1,13.17,synthetic_2024,mandi_price_weather_dataset.csv,31.42,73.08,synthetic_generated
2024-12-10,Faisalabad,Tomato,1 Kg,116.05,125.58,132.5,6.7,0.3,20.0,1,16.45,synthetic_2024,mandi_price_weather_dataset.csv,31.42,73.08,synthetic_generated
2024-12-11,Faisalabad,Tomato,1 Kg,114.1,121.68,125.55,5.1,0.2,20.0,1,11.45,synthetic_2024,mandi_price_weather_dataset.csv,31.42,73.08,synthetic_generated
2024-12-12,Faisalabad,Tomato,1 Kg,97.32,101.38,108.7,5.2,1.0,20.1,1,11.38,synthetic_2024,mandi_price_weather_dataset.csv,31.42,73.08,synthetic_generated
2024-12-13,Faisalabad,Tomato,1 Kg,132.72,143.78,152.98,6.7,0.3,21.0,1,20.26,synthetic_2024,mandi_price_weather_dataset.csv,31.42,73.08,synthetic_generated
2024-12-14,Faisalabad,Tomato,1 Kg,100.5,108.3,115.55,6.9,0.5,23.4,1,15.05,synthetic_2024,mandi_price_weather_dataset.csv,31.42,73.08,synthetic_generated
2024-12-15,Faisalabad,Tomato,1 Kg,159.7,170.05,179.7,4.9,0.7,22.8,1,20.0,synthetic_2024,mandi_price_weather_dataset.csv,31.42,73.08,synthetic_generated
2024-12-16,Faisalabad,Tomato,1 Kg,95.88,101.78,108.95,4.1,0.7,22.4,1,13.07,synthetic_2024,mandi_price_weather_dataset.csv,31.42,73.08,synthetic_generated
2024-12-17,Faisalabad,Tomato,1 Kg,110.18,114.82,119.52,5.9,0.7,21.2,1,9.34,synthetic_2024,mandi_price_weather_dataset.csv,31.42,73.08,synthetic_generated
2024-12-18,Faisalabad,Tomato,1 Kg,133.5,141.82,146.12,5.8,0.7,20.0,1,12.62,synthetic_2024,mandi_price_weather_dataset.csv,31.42,73.08,synthetic_generated
2024-12-19,Faisalabad,Tomato,1 Kg,132.57,141.55,149.6,4.8,0.8,20.0,1,17.03,synthetic_2024,mandi_price_weather_dataset.csv,31.42,73.08,synthetic_generated
2024-12-20,Faisalabad,Tomato,1 Kg,172.55,184.18,198.08,8.2,1.1,20.0,1,25.53,synthetic_2024,mandi_price_weather_dataset.csv,31.42,73.08,synthetic_generated
2024-12-21,Faisalabad,Tomato,1 Kg,168.3,175.55,188.5,5.5,0.5,20.0,1,20.2,synthetic_2024,mandi_price_weather_dataset.csv,31.42,73.08,synthetic_generated
2024-12-22,Faisalabad,Tomato,1 Kg,137.55,144.35,149.43,2.2,1.3,25.4,1,11.88,synthetic_2024,mandi_price_weather_dataset.csv,31.42,73.08,synthetic_generated
2024-12-23,Faisalabad,Tomato,1 Kg,80.82,87.25,94.2,2.4,0.3,20.0,1,13.38,synthetic_2024,mandi_price_weather_dataset.csv,31.42,73.08,synthetic_generated
2024-12-24,Faisalabad,Tomato,1 Kg,138.02,143.2,150.28,4.5,0.0,23.7,1,12.26,synthetic_2024,mandi_price_weather_dataset.csv,31.42,73.08,synthetic_generated
2024-12-25,Faisalabad,Tomato,1 Kg,175.8,189.85,197.78,8.9,1.5,20.0,1,21.98,synthetic_2024,mandi_price_weather_dataset.csv,31.42,73.08,synthetic_generated
2024-12-26,Faisalabad,Tomato,1 Kg,108.1,114.2,121.58,5.2,0.0,20.0,1,13.48,synthetic_2024,mandi_price_weather_dataset.csv,31.42,73.08,synthetic_generated
2024-12-27,Faisalabad,Tomato,1 Kg,122.4,126.75,131.35,1.5,0.2,20.0,1,8.95,synthetic_2024,mandi_price_weather_dataset.csv,31.42,73.08,synthetic_generated
2024-12-28,Faisalabad,Tomato,1 Kg,153.12,160.98,173.82,6.8,0.1,20.1,1,20.7,synthetic_2024,mandi_price_weather_dataset.csv,31.42,73.08,synthetic_generated
2024-12-29,Faisalabad,Tomato,1 Kg,72.58,77.65,83.85,3.3,1.3,25.7,1,11.27,synthetic_2024,mandi_price_weather_dataset.csv,31.42,73.08,synthetic_generated
2024-12-30,Faisalabad,Tomato,1 Kg,111.48,118.02,126.72,3.3,0.3,20.0,1,15.24,synthetic_2024,mandi_price_weather_dataset.csv,31.42,73.08,synthetic_generated
2025-12-11,Faisalabad,Tomato,1 Kg,70.0,71.58,75.0,16.8,0.0,59.0,2,5.0,real_2025_2026,"faisalabad_tomato_prices_weekly.csv (deduped, median-aggregated, sanity-filtered)",31.42,73.08,real_measured_open_meteo_era5
2025-12-24,Faisalabad,Tomato,1 Kg,60.0,63.21,65.0,15.4,0.0,53.0,2,5.0,real_2025_2026,"faisalabad_tomato_prices_weekly.csv (deduped, median-aggregated, sanity-filtered)",31.42,73.08,real_measured_open_meteo_era5
2026-02-26,Faisalabad,Tomato,1 Kg,60.0,63.16,70.0,22.5,0.0,47.0,3,10.0,real_2025_2026,"faisalabad_tomato_prices_weekly.csv (deduped, median-aggregated, sanity-filtered)",31.42,73.08,real_measured_open_meteo_era5
2026-03-11,Faisalabad,Tomato,1 Kg,50.0,53.12,60.0,25.8,0.2,61.0,2,10.0,real_2025_2026,"faisalabad_tomato_prices_weekly.csv (deduped, median-aggregated, sanity-filtered)",31.42,73.08,real_measured_open_meteo_era5
2026-03-26,Faisalabad,Tomato,1 Kg,60.0,100.0,100.0,22.8,0.4,66.0,3,40.0,real_2025_2026,"faisalabad_tomato_prices_weekly.csv (deduped, median-aggregated, sanity-filtered)",31.42,73.08,real_measured_open_meteo_era5
2026-04-02,Faisalabad,Tomato,1 Kg,80.0,81.58,85.0,24.7,0.3,61.0,2,5.0,real_2025_2026,"faisalabad_tomato_prices_weekly.csv (deduped, median-aggregated, sanity-filtered)",31.42,73.08,real_measured_open_meteo_era5
2026-04-09,Faisalabad,Tomato,1 Kg,50.0,100.0,100.0,19.1,7.1,72.0,3,50.0,real_2025_2026,"faisalabad_tomato_prices_weekly.csv (deduped, median-aggregated, sanity-filtered)",31.42,73.08,real_measured_open_meteo_era5
2026-05-21,Faisalabad,Tomato,1 Kg,50.0,66.49,70.0,34.1,0.0,31.0,3,20.0,real_2025_2026,"faisalabad_tomato_prices_weekly.csv (deduped, median-aggregated, sanity-filtered)",31.42,73.08,real_measured_open_meteo_era5
2026-06-04,Faisalabad,Tomato,1 Kg,60.0,76.52,80.0,30.4,6.2,53.0,3,20.0,real_2025_2026,"faisalabad_tomato_prices_weekly.csv (deduped, median-aggregated, sanity-filtered)",31.42,73.08,real_measured_open_meteo_era5
2026-06-11,Faisalabad,Tomato,1 Kg,70.0,100.0,100.0,36.7,0.3,35.0,3,30.0,real_2025_2026,"faisalabad_tomato_prices_weekly.csv (deduped, median-aggregated, sanity-filtered)",31.42,73.08,real_measured_open_meteo_era5
2026-07-30,Faisalabad,Tomato,1 Kg,260.0,266.57,270.0,30.7,3.6,79.0,2,10.0,real_2025_2026,"faisalabad_tomato_prices_weekly.csv (deduped, median-aggregated, sanity-filtered)",31.42,73.08,real_measured_open_meteo_era5
2026-08-13,Faisalabad,Tomato,1 Kg,235.0,241.57,245.0,33.3,0.1,68.0,2,10.0,real_2025_2026,"faisalabad_tomato_prices_weekly.csv (deduped, median-aggregated, sanity-filtered)",31.42,73.08,real_measured_open_meteo_era5
2026-08-20,Faisalabad,Tomato,1 Kg,240.0,246.62,250.0,30.8,8.5,77.0,3,10.0,real_2025_2026,"faisalabad_tomato_prices_weekly.csv (deduped, median-aggregated, sanity-filtered)",31.42,73.08,real_measured_open_meteo_era5
